{
	"easycom": {
		"^u-(.*)": "@/uview-ui/components/u-$1/u-$1.vue"
	},
	"pages": [ //pages数组中第一项表示应用启动页，参考：https://uniapp.dcloud.io/collocation/pages
		{
			"path": "pages/index/index",
			"style": {
				"app-plus":{
				"titleNView":false	
				}
			}
		}
	    ,{
            "path" : "pages/user/login",
            "style" :                                                                                    
            {
                "app-plus":{
					"titleNView":{
						"titleText":"Sin In",
						"titleColor":"#F0AD4E"
						
					}
				}
            }
            
        }
        ,{
            "path" : "pages/user/mine",
           "style" :
           {
               "app-plus":{
           		"titleNView":{
           			"titleText":"Mine",
           			"titleColor":"#F0AD4E"
           			
           		}
           	}
           }
            
        }
        ,{
            "path" : "pages/index/main",
            "style" :
            {
                "app-plus":{
            		"titleNView":{
            			"titleText":"Home Screen",
            			"titleColor":"#F0AD4E"
            			
            		}
            	}
            }
            
        }
        ,{
            "path" : "pages/user/reg",
            "style" :                                                                                    
            {
                "app-plus":{
					"titleNView":{
						"titleText":"Sign up",
						"titleColor":"#F0AD4E"
						
					}
				}
            }
            
        }
        
        ,
		{
		    "path" : "pages/visitor/worker01",
		    "style" :
		    {
		        "app-plus":{
		    		"titleNView":{
		    			"titleText":"Scanning code",
		    			"titleColor":"#F0AD4E"
		    			
		    		}
		    	}
		    }
		    
		},
		//第一个景点
		{
            "path" : "pages/visitor/visitor01",
            "style" :
            {
                "app-plus":{
            		"titleNView":{
            			"titleText":"Appointment",
            			"titleColor":"#F0AD4E"
            			
            		}
            	}
            }
            
        }
		,
		{
		    "path" : "pages/visitor/visitor02",
		    "style" :
		    {
		        "app-plus":{
		    		"titleNView":{
		    			"titleText":"Appointment",
		    			"titleColor":"#F0AD4E"
		    			
		    		}
		    	}
		    }
		    
		}
		,
		{
		    "path" : "pages/visitor/visitor03",
		    "style" :
		    {
		        "app-plus":{
		    		"titleNView":{
		    			"titleText":"Appointment",
		    			"titleColor":"#F0AD4E"
		    			
		    		}
		    	}
		    }
		    
		}
		
		,{
            "path" : "pages/visitor/visitor04",
            "style" :
            {
                "app-plus":{
            		"titleNView":{
            			"titleText":"Appointment",
            			"titleColor":"#F0AD4E"
            			
            		}
            	}
            }
            
        }
		,{
		    "path" : "pages/visitor/eat",
		    "style" :
		    {
		        "app-plus":{
		    		"titleNView":{
		    			"titleText":"Just EAT",
		    			"titleColor":"#F0AD4E"
		    			
		    		}
		    	}
		    }
		    
		}
		,{
		    "path" : "pages/jiezhongzhe/vistor_asign",
		    "style" :
		    {
		        "app-plus":{
		    		"titleNView":{
		    			"titleText":"Appointment",
		    			"titleColor":"#F0AD4E"
		    			
		    		}
		    	}
		    }
		    
		}
        ,{
            "path" : "pages/jiezhongzhe/yuYueList",
            "style" :
            {
                "app-plus":{
            		"titleNView":{
            			"titleText":"预约历史记录",
            			"titleColor":"#F0AD4E"
            			
            		}
            	}
            }
            
        }
        ,{
            "path" : "pages/jiezhongzhe/jieZhong",
           "style" :
           {
               "app-plus":{
           		"titleNView":{
           			"titleText":"QR code",
           			"titleColor":"#F0AD4E"
           			
           		}
           	}
           }
            
        }
		,{
		    "path" : "pages/jiezhongzhe/jieZhongList",
		   "style" :
		   {
		       "app-plus":{
		   		"titleNView":{
		   			"titleText":"疫苗接种历史",
		   			"titleColor":"#F0AD4E"
		   			
		   		}
		   	}
		   }
		    
		}
        
        ,{
            "path" : "pages/worker/qianDao",
            "style" :
            {
                "app-plus":{
            		"titleNView":{
            			"titleText":"签到",
            			"titleColor":"#F0AD4E"
            			
            		}
            	}
            }
            
        }
        ,{
            "path" : "pages/worker/qianDaoList",
            "style" :
            {
                "app-plus":{
            		"titleNView":{
            			"titleText":"签到记录",
            			"titleColor":"#F0AD4E"
            			
            		}
            	}
            }
            
        }
        ,{
            "path" : "pages/worker/yuJian",
           "style" :
           {
               "app-plus":{
           		"titleNView":{
           			"titleText":"预检",
           			"titleColor":"#F0AD4E"
           			
           		}
           	}
           }
            
        }
        ,{
            "path" : "pages/worker/yuJianList",
           "style" :
           {
               "app-plus":{
           		"titleNView":{
           			"titleText":"预检记录",
           			"titleColor":"#F0AD4E"
           			
           		}
           	}
           }
        }
        
        ,{
            "path" : "pages/worker/jieZhong",
           "style" :
           {
               "app-plus":{
           		"titleNView":{
           			"titleText":"接种",
           			"titleColor":"#F0AD4E"
           			
           		}
           	}
           }
            
        }
        ,{
            "path" : "pages/worker/jieZhongList",
            "style" :
            {
                "app-plus":{
            		"titleNView":{
            			"titleText":"接种记录",
            			"titleColor":"#F0AD4E"
            			
            		}
            	}
            }
            
        }
        ,{
            "path" : "pages/worker/liiuGuan",
            "style" :
            {
                "app-plus":{
            		"titleNView":{
            			"titleText":"留观",
            			"titleColor":"#F0AD4E"
            			
            		}
            	}
            }
            
        }
        ,{
            "path" : "pages/worker/liuGuanList",
           "style" :
           {
               "app-plus":{
           		"titleNView":{
           			"titleText":"留观记录",
           			"titleColor":"#F0AD4E"
           			
           		}
           	}
           }
            
        }
        ,{
            "path" : "pages/visitor/hello/hello",
            "style" :                                                                                    
            {
                "navigationBarTitleText": "",
                "enablePullDownRefresh": false
            }
            
        }
        
    ],
	"globalStyle": {
		"navigationBarTextStyle": "black",
		"navigationBarTitleText": "uni-app",
		"navigationBarBackgroundColor": "#F8F8F8",
		"backgroundColor": "#F8F8F8"
	},
	"tabBar":{
			"list":[
				{
					"pagePath":"pages/index/main",
					"text":"Home",
					"iconPath":"static/all.png",
					"selectedIconPath":"static/all-fill.png"
				},
				{
					"pagePath":"pages/user/mine",
					"text":"Mine",
					"iconPath":"static/bussiness-man.png",
					"selectedIconPath":"static/certified-supplier.png"
				}
			]
		
	}
}
